text,label
มึงโง่จน objective หายหมด,Toxic
ดีมาก ช่วยอีกทีมเต็มที่,Toxic
ไม่พร้อมก็อย่ากดมา ไม่ดูแมพเลย,Toxic
ถ้าจะกดสกิลมั่ว ควรหยุดก่อน,Toxic
เมื่อกี้ยังไม่ควรไล่ ค่อยๆเล่น,Normal
เล่นอ่อนตั้งแต่ต้นเกม,Toxic
รอบนี้ควรดูแมพก่อน เอาใหม่รอบหน้า,Normal
มึงตัวถ่วงตั้งแต่ต้นเกม,Toxic
เรา คุมเลน ยังมีโอกาส,Normal
ถ้ายังเล่นแบบนี้ เกมนี้จบตั้งแต่เห็นแล้ว,Toxic
เก็บบัฟก่อน เดี๋ยวช่วย,Normal
เรา รวมกลาง รอบหน้าเอาใหม่,Normal
มึงกากกว่าบอทอีก,Toxic
เปิดวิชั่นก่อน เดี๋ยวช่วย,Normal
รอเกิดก่อน เดี๋ยวช่วย,Normal
เทพจริง ทำทีมพังได้ต่อเนื่อง,Toxic
เมจ เล่นแล้วทีมต้องแบกหนักขึ้น,Toxic
ดันล่างก่อน ไม่เป็นไร,Normal
เรา ปัก ward ยังมีโอกาส,Normal
เพื่อน เก็บ objective ใจเย็นก่อน,Normal
เมื่อกี้เลนนี้กดดันยาก ค่อยๆเล่น,Normal
คนเล่นตำแหน่งนี้ ทำให้คนอื่นเหนื่อยเปล่า,Toxic
นาย ฟาร์มก่อน เล่นต่อได้,Normal
เพื่อน กันบ้าน ยังมีโอกาส,Normal
ดีมาก เสีย objective ได้ครบทุกตัว,Toxic
ถ้าแค่เดินไปตาย ก็ไม่แปลกที่แพ้,Toxic
เก่งมาก ส่งแต้มสวยมาก,Toxic
คนเล่นตำแหน่งนี้ ตัดสินใจแย่มาก,Toxic
ดีมาก ทำเกมง่ายขึ้นสำหรับอีกฝั่ง,Toxic
เก็บบัฟก่อน ใจเย็นก่อน,Normal
ตัวซัพ ทำให้คนอื่นเหนื่อยเปล่า,Toxic
เรา เก็บ objective ตอนนี้ยังไหว,Normal
รอบนี้เลนนี้กดดันยาก ค่อยๆเล่น,Normal
เมื่อกี้ไฟต์นี้เสียเปรียบ เอาใหม่รอบหน้า,Normal
รอบนี้เลนนี้กดดันยาก เดี๋ยวช่วยกัน,Normal
มึงเล่นโอเคนะ ไม่ต้องรีบ,Normal
มึงกากไม่มีพัฒนา,Toxic
ช่วยคิดก่อนเล่นหน่อย แจกทุกไฟต์,Toxic
มึงไปก่อนเลย เดี๋ยวกูตาม,Normal
คนเลนบน อ่านเกมไม่ออกเลย,Toxic
ไม่พร้อมก็อย่ากดมา กดสกิลทิ้ง,Toxic
เมื่อกี้ใช้สกิลไวไปหน่อย ไม่ต้องซีเรียส,Normal
แก รวมกลาง ค่อยๆเล่น,Normal
ทีมเรา กันบ้าน เดี๋ยวตามไป,Normal
มึงมั่วทั้งเกม,Toxic
รวมกลางก่อน ยังมีโอกาส,Normal
มึงเล่นไม่เป็นทุกไฟต์,Toxic
ไม่ธรรมดา ช่วยอีกทีมเต็มที่,Toxic
เมื่อกี้เข้าเร็วไปหน่อย ยังมีเวลา,Normal
รอบนี้ใช้สกิลไวไปหน่อย รอบหน้าแก้ได้,Normal
เมื่อกี้ของยังไม่พร้อม ยังกลับมาได้,Normal
เอามังกรก่อน รอบหน้าเอาใหม่,Normal
คนเลนล่าง เล่นแล้วทีมต้องแบกหนักขึ้น,Toxic
มึงอ่อนกว่าบอทอีก,Toxic
ถ้าจะเล่นคนเดียว ควรหยุดก่อน,Toxic
ทีมเรา รอทีม แผนนี้โอเค,Normal
ถ้าจะเล่นคนเดียว ไปฝึกก่อนดีกว่า,Toxic
เมื่อกี้ใช้สกิลไวไปหน่อย เดี๋ยวช่วยกัน,Normal
ขอบคุณมาก ส่งแต้มสวยมาก,Toxic
คนเล่นตำแหน่งนี้ ทำจังหวะทีมพังซ้ำๆ,Toxic
เล่นไร้ประโยชน์ตั้งแต่ต้นเกม,Toxic
นาย เปิดไฟต์ เล่นต่อได้,Normal
ถ้าไม่รู้ว่าต้องทำอะไร อย่าฝืนเลย,Toxic
ขอบคุณมาก ยืนดูจนทีมตายหมด,Toxic
ช่วยได้เยอะ ช่วยอีกทีมเต็มที่,Toxic
แก คุมเลน ค่อยๆเล่น,Normal
รอบนี้ของยังไม่พร้อม รอบหน้าแก้ได้,Normal
มึงแจกแบบนี้,Toxic
รอบนี้ไฟต์นี้เสียเปรียบ ไม่ต้องซีเรียส,Normal
รอบนี้จังหวะนี้ยากจริง รอบหน้าแก้ได้,Normal
เกมนี้ยาก แต่ยังแก้ได้,Normal
เมื่อกี้จังหวะนี้ยากจริง ยังมีเวลา,Normal
รอบนี้ยังไม่ควรไล่ เดี๋ยวช่วยกัน,Normal
เมื่อกี้ยังไม่ควรไล่ เอาใหม่รอบหน้า,Normal
เก่งมาก แบกฝั่งตรงข้ามจริงๆ,Toxic
แก ฟาร์มก่อน เล่นต่อได้,Normal
รอบนี้ไฟต์นี้เสียเปรียบ ค่อยๆเล่น,Normal
แก ฟาร์มก่อน ใจเย็นก่อน,Normal
เมื่อกี้เลนนี้กดดันยาก ทีมยังโอเค,Normal
รอบนี้จังหวะนี้ยากจริง ยังกลับมาได้,Normal
คนเปิดไฟต์ เล่นแล้วทีมต้องแบกหนักขึ้น,Toxic
มึงเล่นไม่เป็นไม่ควรมาแรงค์,Toxic
มึง คุมเลน แผนนี้โอเค,Normal
ฉลาดมาก แจกให้เขาทั้งเกม,Toxic
ขอบคุณมาก,Normal
อยู่เฉยๆยังดีกว่า เข้าไฟต์มั่ว,Toxic
ดีมาก ส่งแต้มสวยมาก,Toxic
นาย คุมเลน เดี๋ยวตามไป,Normal
รอบนี้ยืนลึกไปนิด เดี๋ยวช่วยกัน,Normal
เรา รวมกลาง เดี๋ยวช่วย,Normal
แก กันบ้าน ตอนนี้ยังไหว,Normal
เมื่อกี้ไฟต์นี้เสียเปรียบ เดี๋ยวช่วยกัน,Normal
มึงตัวถ่วงกว่าบอทอีก,Toxic
ทีมเรา ถอยก่อน เล่นต่อได้,Normal
เมื่อกี้ยืนลึกไปนิด เดี๋ยวช่วยกัน,Normal
ถ้าจะยืนดูเฉยๆ ไปฝึกก่อนดีกว่า,Toxic
ถ้าจะยืนดูเฉยๆ ทีมอื่นคงลำบากเหมือนกัน,Toxic
เมื่อกี้เลนนี้กดดันยาก รอบหน้าแก้ได้,Normal
รอบนี้ใช้สกิลไวไปหน่อย เดี๋ยวช่วยกัน,Normal
ถ้าไม่พร้อมก็ไม่ควรกดมา,Toxic
เล่นโง่ทุกไฟต์,Toxic
ขอบคุณสำหรับบริการส่งแต้ม,Toxic
เล่นกากไม่ควรมาแรงค์,Toxic
มึง เก็บ objective แผนนี้โอเค,Normal
เรา กันบ้าน ตอนนี้ยังไหว,Normal
ถ้าไม่ดูแมพเลย ไปฝึกก่อนดีกว่า,Toxic
ถอยเข้าป้อมก่อน เดี๋ยวช่วย,Normal
มึงกากจน objective หายหมด,Toxic
เล่นตัวถ่วงทำทีมเหนื่อย,Toxic
เอามังกรก่อน ตอนนี้ยังไหว,Normal
เห็นแล้วเหนื่อย กดสกิลทิ้ง,Toxic
คนเลนล่าง ทำให้คนอื่นเหนื่อยเปล่า,Toxic
เล่นห่วยจนทีมเล่นไม่ได้,Toxic
มืออาชีพมาก ช่วยอีกทีมเต็มที่,Toxic
ถ้าแค่เดินไปตาย อย่าฝืนเลย,Toxic
มึงไร้ประโยชน์กว่าบอทอีก,Toxic
เพื่อน ฟาร์มก่อน เล่นต่อได้,Normal
เล่นแบบนี้ทีมลำบาก ยืนผิดตำแหน่ง,Toxic
เมื่อกี้ของยังไม่พร้อม ทีมยังโอเค,Normal
รอบนี้ใช้สกิลไวไปหน่อย ทีมยังโอเค,Normal
มึง รอทีม ไม่เป็นไร,Normal
ดันล่างก่อน เล่นต่อได้,Normal
ถ้าจะทำทีมเสียจังหวะ อีกทีมคงชอบ,Toxic
มึงห่วยจน objective หายหมด,Toxic
รวมกลางก่อน ไม่เป็นไร,Normal
ดันล่างก่อน เดี๋ยวช่วย,Normal
เรา เปิดไฟต์ เล่นต่อได้,Normal
ขอบคุณมาก ทำเกมง่ายขึ้นสำหรับอีกฝั่ง,Toxic
สุดยอด ยืนดูจนทีมตายหมด,Toxic
ถ้าจะทำทีมเสียจังหวะ อย่ามาลงแรงค์,Toxic
เล่นห่วยกว่าบอทอีก,Toxic
เก็บบัฟก่อน ค่อยๆเล่น,Normal
ไม่ธรรมดา เสีย objective ได้ครบทุกตัว,Toxic
เมื่อกี้ยืนลึกไปนิด ยังมีเวลา,Normal
รวมกลางก่อน ตอนนี้ยังไหว,Normal
รอบนี้ใช้สกิลไวไปหน่อย ไม่ต้องซีเรียส,Normal
ถอยเข้าป้อมก่อน ยังมีโอกาส,Normal
ผลงานดี เสีย objective ได้ครบทุกตัว,Toxic
เรา ฟาร์มก่อน แผนนี้โอเค,Normal
ถ้าจะกดสกิลมั่ว เกมนี้จบตั้งแต่เห็นแล้ว,Toxic
ฉลาดมาก ส่งแต้มสวยมาก,Toxic
ผลงานดี แจกให้เขาทั้งเกม,Toxic
ตัวซัพ ทำ objective หายหมด,Toxic
นาย กันบ้าน ใจเย็นก่อน,Normal
มึงอ่อนแบบนี้,Toxic
จังหวะนั้นดีมากจริงๆ,Normal
แก รวมกลาง ยังมีโอกาส,Normal
ถ้าไม่คิดจะช่วยทีม ไม่มีใครแบกไหว,Toxic
ถ้าเล่นได้แค่นี้ ก็ไม่แปลกที่แพ้,Toxic
รอบนี้เลนนี้กดดันยาก ลองใหม่ได้,Normal
อยู่เฉยๆยังดีกว่า แจกทุกไฟต์,Toxic
มึง รวมกลาง ค่อยๆเล่น,Normal
เทพจริง แจกให้เขาทั้งเกม,Toxic
เมื่อกี้ควรดูแมพก่อน เอาใหม่รอบหน้า,Normal
มึงอ่อนทั้งเกม,Toxic
มึงทำดีแล้วจริงๆ,Normal
กัน objectiveก่อน เดี๋ยวตามไป,Normal
เก่งมาก ช่วยอีกทีมเต็มที่,Toxic
เล่นไร้ประโยชน์ไม่ควรมาแรงค์,Toxic
มึง เซฟสกิล เดี๋ยวช่วย,Normal
รอบนี้ยังไม่ควรไล่ เอาใหม่รอบหน้า,Normal
เพื่อน กันบ้าน เดี๋ยวช่วย,Normal
เล่นแย่ทำทีมเหนื่อย,Toxic
อ่านเกมดีนะ,Normal
แครี่ ทำจังหวะทีมพังซ้ำๆ,Toxic
มึงแย่ไม่ควรมาแรงค์,Toxic
รอบนี้เลนนี้กดดันยาก ยังมีเวลา,Normal
มึงโง่ทำทีมเหนื่อย,Toxic
เกือบได้แล้ว,Normal
คนเลนบน เหมือนไม่ได้คิดก่อนเล่น,Toxic
ขอให้หยุดทำทีมลำบาก,Toxic
รอบนี้ควรดูแมพก่อน เดี๋ยวช่วยกัน,Normal
คุมเกมได้อยู่,Normal
สุดยอดจริงๆ ทีมมีห้าคนเหมือนมีสี่,Toxic
รอบนี้ของยังไม่พร้อม ทีมยังโอเค,Normal
ขอให้ช่วยน้อยกว่านี้ไม่ได้แล้ว,Toxic
รอบนี้ยืนลึกไปนิด ยังมีเวลา,Normal
เปิดวิชั่นก่อน ใจเย็นก่อน,Normal
มึงแย่จนทีมเล่นไม่ได้,Toxic
กัน objectiveก่อน ค่อยๆเล่น,Normal
อยู่เฉยๆยังช่วยทีมมากกว่า,Toxic
เรา เซฟสกิล ยังมีโอกาส,Normal
ถ้าจะกดสกิลมั่ว ทีมอื่นคงลำบากเหมือนกัน,Toxic
ผลงานดี ทำเกมง่ายขึ้นสำหรับอีกฝั่ง,Toxic
รอบนี้เลนนี้กดดันยาก เอาใหม่รอบหน้า,Normal
มึงอ่อนไม่ควรมาแรงค์,Toxic
เล่นอ่อนไม่มีพัฒนา,Toxic
คนเลนบน ไม่มีประโยชน์กับเกมนี้เลย,Toxic
เล่นตัวถ่วงไม่มีพัฒนา,Toxic
แก คุมเลน แผนนี้โอเค,Normal
เพื่อน คุมเลน ตอนนี้ยังไหว,Normal
ช่วยได้เยอะ ทำให้เราแพ้เร็วขึ้น,Toxic
แก เปิดไฟต์ รอบหน้าเอาใหม่,Normal
กัน objectiveก่อน ใจเย็นก่อน,Normal
อยู่เฉยๆยังดีกว่า ไม่ช่วย objective,Toxic
มึงแจกทั้งเกม,Toxic
กันป้อมก่อน เล่นต่อได้,Normal
ทีมเรา กันบ้าน แผนนี้โอเค,Normal
คนในทีม ทำให้คนอื่นเหนื่อยเปล่า,Toxic
ถ้าจะยืนดูเฉยๆ เกมนี้จบตั้งแต่เห็นแล้ว,Toxic
มึงไร้ประโยชน์ทุกไฟต์,Toxic
ถ้าจะกดสกิลมั่ว ก็ไม่แปลกที่แพ้,Toxic
เล่นมั่วตั้งแต่ต้นเกม,Toxic
รวมกลางก่อน เดี๋ยวช่วย,Normal
ทีมคงชนะไปแล้วถ้าไม่มีบางคน,Toxic
ขอให้ดู replay แล้วอายตัวเองบ้าง,Toxic
เมื่อกี้ของยังไม่พร้อม แต่ไม่เป็นไร,Normal
เมื่อกี้ใช้สกิลไวไปหน่อย ยังมีเวลา,Normal
เล่นมั่วไม่ควรมาแรงค์,Toxic
เล่นเล่นไม่เป็นทำทีมเหนื่อย,Toxic
มึงช่วยทันพอดี,Normal
ถ้าแค่เดินไปตาย อีกทีมคงชอบ,Toxic
มืออาชีพมาก เดินไปให้เขาเก็บฟรี,Toxic
เมื่อกี้น่าจะรอคูลดาวน์ ยังมีเวลา,Normal
รอบนี้ยังไม่ควรไล่ ยังมีเวลา,Normal
เมื่อกี้ไฟต์นี้เสียเปรียบ ลองใหม่ได้,Normal
มึงเลือกจังหวะดี,Normal
ผลงานดี ทำให้เราแพ้เร็วขึ้น,Toxic
นี่เล่นจริงใช่ไหม ออกของมั่ว,Toxic
ถ้าไม่รู้ว่าต้องทำอะไร เกมนี้จบตั้งแต่เห็นแล้ว,Toxic
ถ้าจะทำทีมเสียจังหวะ ไม่มีใครแบกไหว,Toxic
เทพจริง ส่งแต้มสวยมาก,Toxic
มึงเล่นไม่เป็นทำทีมเหนื่อย,Toxic
เล่นอ่อนทั้งเกม,Toxic
เมื่อกี้น่าจะรอคูลดาวน์ รอบหน้าแก้ได้,Normal
ไม่ธรรมดา แจกให้เขาทั้งเกม,Toxic
รอบนี้ยังไม่ควรไล่ รอบหน้าแก้ได้,Normal
ถอยเข้าป้อมก่อน แผนนี้โอเค,Normal
รอบนี้เข้าเร็วไปหน่อย ค่อยๆเล่น,Normal
ดีมาก แจกให้เขาทั้งเกม,Toxic
มึงแย่ตั้งแต่ต้นเกม,Toxic
ตัวป่า ทำให้ทีมเสียเปรียบตลอด,Toxic
กันป้อมก่อน ใจเย็นก่อน,Normal
ไปเลนบนก่อน ไม่เป็นไร,Normal
สุดยอด เสีย objective ได้ครบทุกตัว,Toxic
คนในทีม อ่านเกมไม่ออกเลย,Toxic
มืออาชีพมาก แจกให้เขาทั้งเกม,Toxic
เล่นแจกกว่าบอทอีก,Toxic
มึงเล่นไม่เป็นตั้งแต่ต้นเกม,Toxic
ทำแบบนี้ใครจะอยากทีมด้วย เล่นคนละเกมกับทีม,Toxic
เมื่อกี้ใช้สกิลไวไปหน่อย ยังกลับมาได้,Normal
เมื่อกี้น่าจะรอคูลดาวน์ ทีมยังโอเค,Normal
ถ้าเล่นได้แค่นี้ อย่ามาลงแรงค์,Toxic
ทีมเรา เซฟสกิล เดี๋ยวตามไป,Normal
เพื่อน เซฟสกิล แผนนี้โอเค,Normal
เปิดวิชั่นก่อน แผนนี้โอเค,Normal
คนเลนล่าง ทำเกมง่ายให้ฝั่งตรงข้าม,Toxic
ถ้าจะกดสกิลมั่ว คนอื่นเขาเหนื่อย,Toxic
ทีมแบกไม่ไหวแล้ว เข้าไฟต์มั่ว,Toxic
มึงโง่ทั้งเกม,Toxic
มึงกากตั้งแต่ต้นเกม,Toxic
เล่นแบบนี้ทีมลำบาก แจกทุกไฟต์,Toxic
ไม่ธรรมดา ทำให้เราแพ้เร็วขึ้น,Toxic
ถ้ายังเล่นแบบนี้ ก็ไม่แปลกที่แพ้,Toxic
ทีมเรา ปัก ward เดี๋ยวช่วย,Normal
กลับไปฝึกกับบอทก่อน,Toxic
ฉลาดมาก แบกฝั่งตรงข้ามจริงๆ,Toxic
กันป้อมก่อน เดี๋ยวช่วย,Normal
เมื่อกี้ยืนลึกไปนิด ไม่ต้องซีเรียส,Normal
รอบนี้จังหวะนี้ยากจริง ทีมยังโอเค,Normal
เล่นแย่ไม่มีพัฒนา,Toxic
เมื่อกี้ยืนลึกไปนิด เอาใหม่รอบหน้า,Normal
ยิงแม่นมากนะ,Normal
เล่นไร้ประโยชน์แบบนี้,Toxic
เรา รอทีม เดี๋ยวช่วย,Normal
เทพจริง ช่วยอีกทีมเต็มที่,Toxic
เล่นกากทั้งเกม,Toxic
อยู่เฉยๆยังดีกว่า ไม่ดูแมพเลย,Toxic
ถ้าจะทำทีมเสียจังหวะ เกมนี้จบตั้งแต่เห็นแล้ว,Toxic
ช่วยได้เยอะ เสีย objective ได้ครบทุกตัว,Toxic
มึงยิงแม่นมาก,Normal
ถ้าไม่คิดจะช่วยทีม อย่ามาลงแรงค์,Toxic
รอบนี้เลนนี้กดดันยาก ยังกลับมาได้,Normal
กัน objectiveก่อน เล่นต่อได้,Normal
ดันล่างก่อน ใจเย็นก่อน,Normal
ขอบคุณมาก เสีย objective ได้ครบทุกตัว,Toxic
เมื่อกี้ยังไม่ควรไล่ ยังกลับมาได้,Normal
ถ้าไม่รู้ว่าต้องทำอะไร ไม่มีใครแบกไหว,Toxic
เก่งมาก ทำทีมพังได้ต่อเนื่อง,Toxic
นาย รวมกลาง รอบหน้าเอาใหม่,Normal
ถ้าแค่เดินไปตาย อย่ามาลงแรงค์,Toxic
ถ้ายังเล่นแบบนี้ ไปฝึกก่อนดีกว่า,Toxic
นาย เปิดไฟต์ ตอนนี้ยังไหว,Normal
เรา เซฟสกิล แผนนี้โอเค,Normal
คนเลนล่าง ทำ objective หายหมด,Toxic
เทพจริง แบกฝั่งตรงข้ามจริงๆ,Toxic
เห็นแล้วเหนื่อย แจกทุกไฟต์,Toxic
เมื่อกี้เลนนี้กดดันยาก เดี๋ยวช่วยกัน,Normal
คนเลนบน ทำให้ทีมเสียเปรียบตลอด,Toxic
เล่นเล่นไม่เป็นไม่ควรมาแรงค์,Toxic
เล่นแจกจนทีมเล่นไม่ได้,Toxic
ถ้าจะยืนดูเฉยๆ ไม่มีใครแบกไหว,Toxic
ควรไปฝึกก่อน เล่นคนละเกมกับทีม,Toxic
นาย เซฟสกิล รอบหน้าเอาใหม่,Normal
เมื่อกี้ยังไม่ควรไล่ ไม่ต้องซีเรียส,Normal
ถ้าเล่นได้แค่นี้ ไปฝึกก่อนดีกว่า,Toxic
นาย ปัก ward ยังมีโอกาส,Normal
เมื่อกี้ไฟต์นี้เสียเปรียบ ยังมีเวลา,Normal
เล่นเล่นไม่เป็นไม่มีพัฒนา,Toxic
เพื่อน รวมกลาง แผนนี้โอเค,Normal
มึงไร้ประโยชน์ไม่ควรมาแรงค์,Toxic
ทีมเรา คุมเลน ค่อยๆเล่น,Normal
เล่นห่วยไม่มีพัฒนา,Toxic
เล่นห่วยไม่ควรมาแรงค์,Toxic
เพื่อน เปิดไฟต์ ยังมีโอกาส,Normal
เอามังกรก่อน เดี๋ยวตามไป,Normal
นาย ฟาร์มก่อน ยังมีโอกาส,Normal
รอบนี้เข้าเร็วไปหน่อย ลองใหม่ได้,Normal
เล่นห่วยทุกไฟต์,Toxic
มึงเดินเกมดี,Normal
เมื่อกี้ควรดูแมพก่อน แต่ไม่เป็นไร,Normal
เล่นโง่กว่าบอทอีก,Toxic
รอบนี้ไฟต์นี้เสียเปรียบ เอาใหม่รอบหน้า,Normal
มึงมั่วจนทีมเล่นไม่ได้,Toxic
ควรไปฝึกก่อน เข้าไฟต์มั่ว,Toxic
คนในทีม เหมือนไม่ได้คิดก่อนเล่น,Toxic
ดันล่างก่อน แผนนี้โอเค,Normal
ทีมเรา รวมกลาง เดี๋ยวตามไป,Normal
เมื่อกี้ไฟต์นี้เสียเปรียบ ค่อยๆเล่น,Normal
ปัญญาอ่อนปะ,Toxic
ถ้าไม่ดูแมพเลย อย่าฝืนเลย,Toxic
รอบนี้ควรดูแมพก่อน ยังกลับมาได้,Normal
รอบนี้ของยังไม่พร้อม เดี๋ยวช่วยกัน,Normal
เอามังกรก่อน ใจเย็นก่อน,Normal
ตัวป่า ทำ objective หายหมด,Toxic
เมื่อกี้ใช้สกิลไวไปหน่อย เอาใหม่รอบหน้า,Normal
แครี่ เล่นแล้วทีมต้องแบกหนักขึ้น,Toxic
เล่นกากจนทีมเล่นไม่ได้,Toxic
ถ้าจะกดสกิลมั่ว ไม่มีใครแบกไหว,Toxic
ดันล่างก่อน ยังมีโอกาส,Normal
คนเปิดไฟต์ ทำ objective หายหมด,Toxic
ถ้าจะทำทีมเสียจังหวะ ควรหยุดก่อน,Toxic
ไม่พร้อมก็อย่ากดมา ทำทีมเสียจังหวะ,Toxic
เก่งมาก ยืนดูจนทีมตายหมด,Toxic
เล่นไร้ประโยชน์ไม่มีพัฒนา,Toxic
เก่งมากเลยนะ แจกทุกไฟต์,Toxic
เดินเกมดีนะ,Normal
ทีมเรา เปิดไฟต์ ยังมีโอกาส,Normal
เมื่อกี้จังหวะนี้ยากจริง แต่ไม่เป็นไร,Normal
มึงโง่แบบนี้,Toxic
บางคน ทำให้ทีมเสียเปรียบตลอด,Toxic
รอบนี้ยังไม่ควรไล่ ไม่ต้องซีเรียส,Normal
ถ้าจะเล่นคนเดียว เกมนี้จบตั้งแต่เห็นแล้ว,Toxic
เมื่อกี้ไฟต์นี้เสียเปรียบ แต่ไม่เป็นไร,Normal
ยิงแม่นมากจริงๆ,Normal
ถ้ายังเล่นแบบนี้ คนอื่นเขาเหนื่อย,Toxic
มึงกากทำทีมเหนื่อย,Toxic
ถ้าจะยืนดูเฉยๆ อย่ามาลงแรงค์,Toxic
นาย เก็บ objective ค่อยๆเล่น,Normal
ทีมเรา เก็บ objective ค่อยๆเล่น,Normal
ถ้าจะยืนดูเฉยๆ อย่าฝืนเลย,Toxic
มึงโง่ตั้งแต่ต้นเกม,Toxic
เล่นตำแหน่งนี้ไม่เป็นเลย,Toxic
นี่เล่นจริงใช่ไหม ทำทีมเสียจังหวะ,Toxic
คนเลนบน ทำให้คนอื่นเหนื่อยเปล่า,Toxic
มึงกากว่ะ,Toxic
เพื่อน ฟาร์มก่อน ยังมีโอกาส,Normal
มึงห่วยทุกไฟต์,Toxic
เล่นแย่จนทีมเล่นไม่ได้,Toxic
มึง กันบ้าน ยังมีโอกาส,Normal
รอบนี้เข้าเร็วไปหน่อย เดี๋ยวช่วยกัน,Normal
เซฟได้สวย,Normal
คนในทีม ทำจังหวะทีมพังซ้ำๆ,Toxic
ขอให้เลิกแจกก่อน,Toxic
รวมกลางก่อน เล่นต่อได้,Normal
เปิดวิชั่นก่อน ค่อยๆเล่น,Normal
คนเลนล่าง ทำจังหวะทีมพังซ้ำๆ,Toxic
มึงอย่าเพิ่งเข้า รอคูลดาวน์ก่อน,Normal
เล่นแบบนี้อีกทีมคงยิ้มทั้งเกม,Toxic
รอเกิดก่อน แผนนี้โอเค,Normal
เปิดไฟต์ดีจริงๆ,Normal
เมื่อกี้ควรดูแมพก่อน ค่อยๆเล่น,Normal
รวมกลางก่อน ค่อยๆเล่น,Normal
มึงแย่ทั้งเกม,Toxic
มึงมั่วแบบนี้,Toxic
ไปเลนบนก่อน เดี๋ยวตามไป,Normal
เก่งมาก ทำเกมง่ายขึ้นสำหรับอีกฝั่ง,Toxic
ถ้าไม่ดูแมพเลย ก็ไม่แปลกที่แพ้,Toxic
กัน objectiveก่อน ยังมีโอกาส,Normal
นาย รอทีม ยังมีโอกาส,Normal
ถ้าแค่เดินไปตาย คนอื่นเขาเหนื่อย,Toxic
เดินเกมดี,Normal
ฉลาดมาก ทำเกมง่ายขึ้นสำหรับอีกฝั่ง,Toxic
เล่นมั่วจน objective หายหมด,Toxic
นาย ถอยก่อน ตอนนี้ยังไหว,Normal
เมื่อกี้น่าจะรอคูลดาวน์ แต่ไม่เป็นไร,Normal
เล่นอ่อนทุกไฟต์,Toxic
รวมกลางก่อน เดี๋ยวตามไป,Normal
เมื่อกี้ยืนลึกไปนิด ยังกลับมาได้,Normal
กัน objectiveก่อน เดี๋ยวช่วย,Normal
นาย ฟาร์มก่อน เดี๋ยวช่วย,Normal
เมจ ทำให้คนอื่นเหนื่อยเปล่า,Toxic
มึง ปัก ward แผนนี้โอเค,Normal
คนเลนบน ทำ objective หายหมด,Toxic
แครี่ ทำ objective หายหมด,Toxic
ขอบคุณมาก ช่วยอีกทีมเต็มที่,Toxic
บางคน เหมือนไม่ได้คิดก่อนเล่น,Toxic
ควรไปฝึกก่อน แจกทุกไฟต์,Toxic
เล่นแจกไม่มีพัฒนา,Toxic
เล่นอ่อนแบบนี้,Toxic
เก็บบัฟก่อน แผนนี้โอเค,Normal
ถ้าจะเล่นคนเดียว ทีมอื่นคงลำบากเหมือนกัน,Toxic
นาย กันบ้าน ยังมีโอกาส,Normal
รอบนี้ของยังไม่พร้อม ไม่ต้องซีเรียส,Normal
เมื่อกี้ของยังไม่พร้อม ยังมีเวลา,Normal
กัน objectiveก่อน รอบหน้าเอาใหม่,Normal
เอามังกรก่อน เดี๋ยวช่วย,Normal
ดีมาก ทำให้เราแพ้เร็วขึ้น,Toxic
รอเกิดก่อน รอบหน้าเอาใหม่,Normal
รอบนี้น่าจะรอคูลดาวน์ ไม่ต้องซีเรียส,Normal
ไปเลนบนก่อน เดี๋ยวช่วย,Normal
ถอยก่อนดีกว่า ตอนนี้ของยังไม่พร้อม,Normal
เล่นมั่วจนทีมเล่นไม่ได้,Toxic
ถ้าเล่นได้แค่นี้ ทีมอื่นคงลำบากเหมือนกัน,Toxic
เพื่อน ถอยก่อน รอบหน้าเอาใหม่,Normal
ไม่พร้อมก็อย่ากดมา เดินไปตายคนเดียว,Toxic
ตัวซัพ ทำเกมง่ายให้ฝั่งตรงข้าม,Toxic
เล่นตัวถ่วงไม่ควรมาแรงค์,Toxic
ไม่พร้อมก็อย่ากดมา ออกของมั่ว,Toxic
เมื่อกี้จังหวะนี้ยากจริง ลองใหม่ได้,Normal
ทีมเรา ปัก ward ยังมีโอกาส,Normal
รอบนี้ควรดูแมพก่อน ลองใหม่ได้,Normal
แก กันบ้าน แผนนี้โอเค,Normal
ถ้ายังเล่นแบบนี้ อย่าฝืนเลย,Toxic
มึง คุมเลน ยังมีโอกาส,Normal
มึงห่วยกว่าบอทอีก,Toxic
เล่นแจกจน objective หายหมด,Toxic
รอบนี้น่าจะรอคูลดาวน์ ค่อยๆเล่น,Normal
เล่นกากตั้งแต่ต้นเกม,Toxic
เพื่อน ปัก ward ใจเย็นก่อน,Normal
แก รวมกลาง ตอนนี้ยังไหว,Normal
เล่นแบบนี้ทีมลำบาก เล่นคนละเกมกับทีม,Toxic
ถ้ายังเล่นแบบนี้ ควรหยุดก่อน,Toxic
มึง ถอยก่อน ยังมีโอกาส,Normal
มึง ปัก ward ค่อยๆเล่น,Normal
เลนนี้ลำบาก เดี๋ยวเราไปช่วย,Normal
รอบนี้น่าจะรอคูลดาวน์ เดี๋ยวช่วยกัน,Normal
รอเกิดก่อน ไม่เป็นไร,Normal
รอบนี้ของยังไม่พร้อม เอาใหม่รอบหน้า,Normal
มึงแย่จน objective หายหมด,Toxic
รอบนี้ควรดูแมพก่อน ไม่ต้องซีเรียส,Normal
คุมพื้นที่ดีจริงๆ,Normal
เมื่อกี้ยืนลึกไปนิด ค่อยๆเล่น,Normal
เรา ปัก ward ตอนนี้ยังไหว,Normal
แก เก็บ objective ค่อยๆเล่น,Normal
ช่วยทันพอดีนะ,Normal
ดันล่างก่อน ตอนนี้ยังไหว,Normal
ผลงานดี ช่วยอีกทีมเต็มที่,Toxic
เล่นแบบนี้ทีมลำบาก เข้าไฟต์มั่ว,Toxic
ถ้าจะกดสกิลมั่ว อย่ามาลงแรงค์,Toxic
ถอยเข้าป้อมก่อน ไม่เป็นไร,Normal
มึงมั่วทุกไฟต์,Toxic
มึงแจกจนทีมเล่นไม่ได้,Toxic
สุดยอด เดินไปให้เขาเก็บฟรี,Toxic
แก เซฟสกิล ค่อยๆเล่น,Normal
เล่นไร้ประโยชน์ทำทีมเหนื่อย,Toxic
ไม่พร้อมก็อย่ากดมา ไม่ช่วย objective,Toxic
ทีมเรา เก็บ objective แผนนี้โอเค,Normal
มึง เซฟสกิล ใจเย็นก่อน,Normal
ทีมเรา ฟาร์มก่อน ใจเย็นก่อน,Normal
เล่นแย่ทั้งเกม,Toxic
รอเกิดก่อน เดี๋ยวตามไป,Normal
ถ้าไม่คิดจะช่วยทีม ทีมอื่นคงลำบากเหมือนกัน,Toxic
มืออาชีพมาก ส่งแต้มสวยมาก,Toxic
กูว่าเกมนี้ยังกลับมาได้,Normal
มึงเล่นไม่เป็นกว่าบอทอีก,Toxic
เมื่อกี้ไฟต์นี้เสียเปรียบ ยังกลับมาได้,Normal
แก รอทีม ไม่เป็นไร,Normal
มึงตัวถ่วงจน objective หายหมด,Toxic
แครี่ ทำเกมง่ายให้ฝั่งตรงข้าม,Toxic
จังหวะนี้เราเข้าเร็วไปหน่อย,Normal
เล่นแจกทั้งเกม,Toxic
ถ้าไม่คิดจะช่วยทีม ก็ไม่แปลกที่แพ้,Toxic
แก้ไฟต์ได้ดี,Normal
บางคน ไม่มีประโยชน์กับเกมนี้เลย,Toxic
ถ้าแค่เดินไปตาย ทีมอื่นคงลำบากเหมือนกัน,Toxic
เก็บบัฟก่อน ไม่เป็นไร,Normal
ขอให้จำไว้ว่าทีมแพ้เพราะจังหวะคุณ,Toxic
คนเลนล่าง ตัดสินใจแย่มาก,Toxic
ถ้าไม่คิดจะช่วยทีม คนอื่นเขาเหนื่อย,Toxic
เมื่อกี้ของยังไม่พร้อม รอบหน้าแก้ได้,Normal
มึงตัวถ่วงจนทีมเล่นไม่ได้,Toxic
นาย ถอยก่อน ยังมีโอกาส,Normal
ถ้าไม่ดูแมพเลย ไม่มีใครแบกไหว,Toxic
กันป้อมก่อน เดี๋ยวตามไป,Normal
สุดยอด แจกให้เขาทั้งเกม,Toxic
เมื่อกี้ยืนลึกไปนิด แต่ไม่เป็นไร,Normal
นาย เก็บ objective เดี๋ยวตามไป,Normal
แก รอทีม รอบหน้าเอาใหม่,Normal
เล่นแย่ไม่ควรมาแรงค์,Toxic
เมื่อกี้จังหวะนี้ยากจริง ยังกลับมาได้,Normal
ถ้าแค่เดินไปตาย ไม่มีใครแบกไหว,Toxic
รอบนี้น่าจะรอคูลดาวน์ ยังกลับมาได้,Normal
อย่าเพิ่งโทษกัน เล่นต่อก่อน,Normal
ไอ้ตัวนั้นมันกำลังดันเลนบน,Normal
เมื่อกี้ของยังไม่พร้อม เดี๋ยวช่วยกัน,Normal
มึง กันบ้าน เดี๋ยวช่วย,Normal
ช่วยได้เยอะ ทำเกมง่ายขึ้นสำหรับอีกฝั่ง,Toxic
เล่นโง่ไม่มีพัฒนา,Toxic
รอบนี้ยังไม่ควรไล่ ค่อยๆเล่น,Normal
แก ถอยก่อน เดี๋ยวตามไป,Normal
แครี่ ทำให้คนอื่นเหนื่อยเปล่า,Toxic
รอเกิดก่อน ยังมีโอกาส,Normal
เมื่อกี้ยังไม่ควรไล่ แต่ไม่เป็นไร,Normal
มึงกากทุกไฟต์,Toxic
อ่านเกมดีจริงๆ,Normal
คนในทีม เล่นแล้วทีมต้องแบกหนักขึ้น,Toxic
ถ้าไม่คิดจะช่วยทีม อย่าฝืนเลย,Toxic
ทำแบบนี้ใครจะอยากทีมด้วย เดินไปตายคนเดียว,Toxic
มึงแจกไม่มีพัฒนา,Toxic
ทีมแบกไม่ไหวแล้ว กดสกิลทิ้ง,Toxic
เมื่อกี้ควรดูแมพก่อน เดี๋ยวช่วยกัน,Normal
แก คุมเลน ไม่เป็นไร,Normal
เมื่อกี้ใช้สกิลไวไปหน่อย แต่ไม่เป็นไร,Normal
ช่วยได้เยอะ ยืนดูจนทีมตายหมด,Toxic
ถ้าไม่ดูแมพเลย ทีมอื่นคงลำบากเหมือนกัน,Toxic
เมจ ทำเกมง่ายให้ฝั่งตรงข้าม,Toxic
เมื่อกี้ควรดูแมพก่อน ยังมีเวลา,Normal
ควรไปฝึกก่อน ออกของมั่ว,Toxic
ไฟต์เมื่อกี้เราเสียตำแหน่งไปหน่อย,Normal
ขอบคุณที่ช่วยอีกฝั่ง,Toxic
เล่นตัวถ่วงแบบนี้,Toxic
เก็บบัฟก่อน เดี๋ยวตามไป,Normal
ทีมเรา ฟาร์มก่อน รอบหน้าเอาใหม่,Normal
ค่อยๆเล่นไป,Normal
เมื่อกี้เลนนี้กดดันยาก แต่ไม่เป็นไร,Normal
เอามังกรก่อน ยังมีโอกาส,Normal
ขอบคุณมาก แบกฝั่งตรงข้ามจริงๆ,Toxic
ถ้าไม่คิดจะช่วยทีม เกมนี้จบตั้งแต่เห็นแล้ว,Toxic
บางคน ทำเกมง่ายให้ฝั่งตรงข้าม,Toxic
เล่นเล่นไม่เป็นทั้งเกม,Toxic
มึง ฟาร์มก่อน ใจเย็นก่อน,Normal
เมื่อกี้ยืนลึกไปนิด ทีมยังโอเค,Normal
เล่นไร้ประโยชน์ทุกไฟต์,Toxic
ถ้าจะยืนดูเฉยๆ อีกทีมคงชอบ,Toxic
เล่นโง่จน objective หายหมด,Toxic
มึงห่วยไม่มีพัฒนา,Toxic
เล่นแจกตั้งแต่ต้นเกม,Toxic
มืออาชีพมาก ทำให้เราแพ้เร็วขึ้น,Toxic
ถ้าไม่คิดจะช่วยทีม อีกทีมคงชอบ,Toxic
รอบนี้น่าจะรอคูลดาวน์ แต่ไม่เป็นไร,Normal
เล่นไร้ประโยชน์จน objective หายหมด,Toxic
ถ้าจะเล่นคนเดียว อย่ามาลงแรงค์,Toxic
เมจ อ่านเกมไม่ออกเลย,Toxic
มึงแจกทำทีมเหนื่อย,Toxic
ฉลาดมาก เดินไปให้เขาเก็บฟรี,Toxic
ฉลาดมาก ทำให้เราแพ้เร็วขึ้น,Toxic
เมื่อกี้น่าจะรอคูลดาวน์ เดี๋ยวช่วยกัน,Normal
แครี่ ตัดสินใจแย่มาก,Toxic
ขอให้ไปฝึกก่อนค่อยกลับมา,Toxic
เมื่อกี้พลาดนิดหน่อย รอบหน้าเอาใหม่,Normal
รอเกิดก่อน ตอนนี้ยังไหว,Normal
บางคน อ่านเกมไม่ออกเลย,Toxic
เมื่อกี้จังหวะนี้ยากจริง ทีมยังโอเค,Normal
แก ถอยก่อน ค่อยๆเล่น,Normal
เรา รอทีม รอบหน้าเอาใหม่,Normal
คนเปิดไฟต์ เหมือนไม่ได้คิดก่อนเล่น,Toxic
เอามังกรก่อน แผนนี้โอเค,Normal
กันป้อมก่อน ค่อยๆเล่น,Normal
เมื่อกี้ใช้สกิลไวไปหน่อย ลองใหม่ได้,Normal
เรา ปัก ward เดี๋ยวช่วย,Normal
รอบนี้ใช้สกิลไวไปหน่อย ยังกลับมาได้,Normal
รอบนี้ใช้สกิลไวไปหน่อย ลองใหม่ได้,Normal
รอบนี้ยังไม่ควรไล่ ยังกลับมาได้,Normal
ถ้าแค่เดินไปตาย ไปฝึกก่อนดีกว่า,Toxic
มึงไร้ประโยชน์ไม่มีพัฒนา,Toxic
นาย รวมกลาง ค่อยๆเล่น,Normal
เรา เก็บ objective เล่นต่อได้,Normal
ทำแบบนี้ใครจะอยากทีมด้วย ออกของมั่ว,Toxic
ขอบคุณมาก เดินไปให้เขาเก็บฟรี,Toxic
เมื่อกี้ไฟต์นี้เสียเปรียบ ทีมยังโอเค,Normal
ไม่ธรรมดา ยืนดูจนทีมตายหมด,Toxic
รอบนี้ไฟต์นี้เสียเปรียบ รอบหน้าแก้ได้,Normal
ดีแล้ว เล่นต่อแบบนี้,Normal
คนเล่นตำแหน่งนี้ ทำ objective หายหมด,Toxic
เล่นแบบนี้ทีมลำบาก เดินไปตายคนเดียว,Toxic
ไม่ต้องพยายามหรอก มันไม่เก่งขึ้นหรอก,Toxic
มึงอ่อนไม่มีพัฒนา,Toxic
เลือกจังหวะดีนะ,Normal
เล่นมั่วไม่มีพัฒนา,Toxic
รอบนี้ใช้สกิลไวไปหน่อย ยังมีเวลา,Normal
เมื่อกี้ยืนลึกไปนิด ลองใหม่ได้,Normal
ขอบคุณที่ช่วยนะ,Normal
เล่นไร้ประโยชน์ทั้งเกม,Toxic
นาย กันบ้าน รอบหน้าเอาใหม่,Normal
แก รอทีม ยังมีโอกาส,Normal
มึงห่วยจนทีมเล่นไม่ได้,Toxic
รอบนี้จังหวะนี้ยากจริง ค่อยๆเล่น,Normal
เล่นตัวถ่วงทุกไฟต์,Toxic
เปิดวิชั่นก่อน รอบหน้าเอาใหม่,Normal
เพื่อน รวมกลาง รอบหน้าเอาใหม่,Normal
เมจ ทำให้ทีมเสียเปรียบตลอด,Toxic
ยิงแม่นมาก,Normal
รอบนี้ยืนลึกไปนิด ค่อยๆเล่น,Normal
รอบนี้ควรดูแมพก่อน รอบหน้าแก้ได้,Normal
ไม่พร้อมก็อย่ากดมา เข้าไฟต์มั่ว,Toxic
นาย ปัก ward เดี๋ยวช่วย,Normal
รอบนี้น่าจะรอคูลดาวน์ เอาใหม่รอบหน้า,Normal
เล่นตัวถ่วงทั้งเกม,Toxic
คนเลนบน เล่นแล้วทีมต้องแบกหนักขึ้น,Toxic
รอบนี้เข้าเร็วไปหน่อย ไม่ต้องซีเรียส,Normal
เล่นตัวถ่วงจน objective หายหมด,Toxic
คนเลนล่าง ทำให้ทีมเสียเปรียบตลอด,Toxic
เมื่อกี้น่าจะรอคูลดาวน์ ไม่ต้องซีเรียส,Normal
แก ฟาร์มก่อน รอบหน้าเอาใหม่,Normal
คนในทีม ทำเกมง่ายให้ฝั่งตรงข้าม,Toxic
ผลงานดี เดินไปให้เขาเก็บฟรี,Toxic
ไม่เป็นไรจริงๆ,Normal
คนเล่นตำแหน่งนี้ เหมือนไม่ได้คิดก่อนเล่น,Toxic
ไม่พร้อมก็อย่ากดมา ยืนผิดตำแหน่ง,Toxic
เล่นแบบนี้ทีมลำบาก ไม่ดูแมพเลย,Toxic
เมื่อกี้ยังไม่ควรไล่ ยังมีเวลา,Normal
ถ้าไม่รู้ว่าต้องทำอะไร ควรหยุดก่อน,Toxic
ฉลาดมาก เสีย objective ได้ครบทุกตัว,Toxic
เล่นมั่วทั้งเกม,Toxic
คนเปิดไฟต์ ทำให้คนอื่นเหนื่อยเปล่า,Toxic
มึงกากจนทีมเล่นไม่ได้,Toxic
เปิดวิชั่นก่อน เดี๋ยวตามไป,Normal
ตัวป่า ตัดสินใจแย่มาก,Toxic
นาย รวมกลาง ยังมีโอกาส,Normal
มึงอ่านเกมดี,Normal
เพื่อน คุมเลน ค่อยๆเล่น,Normal
เพื่อน ถอยก่อน ไม่เป็นไร,Normal
รอบนี้ควรดูแมพก่อน ค่อยๆเล่น,Normal
ถ้าไม่รู้ว่าต้องทำอะไร ไปฝึกก่อนดีกว่า,Toxic
เล่นเล่นไม่เป็นกว่าบอทอีก,Toxic
ขอให้คิดบ้างก่อนกดเล่น,Toxic
เพื่อน เก็บ objective ไม่เป็นไร,Normal
มึงห่วยทำทีมเหนื่อย,Toxic
รอบนี้จังหวะนี้ยากจริง ลองใหม่ได้,Normal
เทพจริง เสีย objective ได้ครบทุกตัว,Toxic
เล่นเล่นไม่เป็นจนทีมเล่นไม่ได้,Toxic
สุดยอด ช่วยอีกทีมเต็มที่,Toxic
เมื่อกี้ของยังไม่พร้อม ลองใหม่ได้,Normal
ช่วยได้เยอะ แจกให้เขาทั้งเกม,Toxic
มึงแก้ไฟต์ได้ดี,Normal
มึงห่วยตั้งแต่ต้นเกม,Toxic
นาย ถอยก่อน ค่อยๆเล่น,Normal
มึงไร้ประโยชน์ทำทีมเหนื่อย,Toxic
ไม่ธรรมดา เดินไปให้เขาเก็บฟรี,Toxic
รอบนี้ของยังไม่พร้อม แต่ไม่เป็นไร,Normal
เพื่อน รวมกลาง เดี๋ยวช่วย,Normal
ดันล่างก่อน ค่อยๆเล่น,Normal
คุมพื้นที่ดีนะ,Normal
คนเลนล่าง เหมือนไม่ได้คิดก่อนเล่น,Toxic
นาย ปัก ward ค่อยๆเล่น,Normal
กูไม่ได้ว่าใครนะ แค่จังหวะนี้ยากจริง,Normal
เมื่อกี้จังหวะนี้ยากจริง เดี๋ยวช่วยกัน,Normal
มึง รอทีม เดี๋ยวตามไป,Normal
มึงตัวถ่วงทำทีมเหนื่อย,Toxic
ทีมแบกไม่ไหวแล้ว ไม่ดูแมพเลย,Toxic
เรา ถอยก่อน ใจเย็นก่อน,Normal
เอามังกรก่อน เล่นต่อได้,Normal
เมื่อกี้น่าจะรอคูลดาวน์ ค่อยๆเล่น,Normal
กูพลาดเอง รอบหน้าเอาใหม่,Normal
ทำแบบนี้ใครจะอยากทีมด้วย ไม่ช่วย objective,Toxic
เพื่อน เก็บ objective ยังมีโอกาส,Normal
เรา คุมเลน แผนนี้โอเค,Normal
มึงกากแบบนี้,Toxic
รวมกลางก่อน รอบหน้าเอาใหม่,Normal
รอบนี้เข้าเร็วไปหน่อย ยังกลับมาได้,Normal
มึงห่วยทั้งเกม,Toxic
ตัวซัพ เล่นแล้วทีมต้องแบกหนักขึ้น,Toxic
แก ปัก ward รอบหน้าเอาใหม่,Normal
ตัวซัพ เหมือนไม่ได้คิดก่อนเล่น,Toxic
เลือกจังหวะดีจริงๆ,Normal
ไปเลนบนก่อน ตอนนี้ยังไหว,Normal
ถ้าแค่เดินไปตาย ควรหยุดก่อน,Toxic
เมื่อกี้ควรดูแมพก่อน ไม่ต้องซีเรียส,Normal
มึง เปิดไฟต์ ตอนนี้ยังไหว,Normal
ตัวซัพ ตัดสินใจแย่มาก,Toxic
ถอยเข้าป้อมก่อน รอบหน้าเอาใหม่,Normal
ดันล่างก่อน รอบหน้าเอาใหม่,Normal
เพื่อน เซฟสกิล รอบหน้าเอาใหม่,Normal
กัน objectiveก่อน ไม่เป็นไร,Normal
มึงเซฟได้สวย,Normal
ไปเลนบนก่อน รอบหน้าเอาใหม่,Normal
เดินเกมดีจริงๆ,Normal
มึงเล่นไม่เป็นแบบนี้,Toxic
เมื่อกี้เข้าเร็วไปหน่อย ไม่ต้องซีเรียส,Normal
ทีมเรา คุมเลน เดี๋ยวตามไป,Normal
นาย คุมเลน รอบหน้าเอาใหม่,Normal
แก เปิดไฟต์ เล่นต่อได้,Normal
บางคน ตัดสินใจแย่มาก,Toxic
มึง เปิดไฟต์ ไม่เป็นไร,Normal
รอบนี้ยืนลึกไปนิด แต่ไม่เป็นไร,Normal
เมื่อกี้ไฟต์นี้เสียเปรียบ รอบหน้าแก้ได้,Normal
รอบนี้ใช้สกิลไวไปหน่อย ค่อยๆเล่น,Normal
ผลงานดี ทำทีมพังได้ต่อเนื่อง,Toxic
นาย รอทีม เดี๋ยวตามไป,Normal
เมื่อกี้ของยังไม่พร้อม ค่อยๆเล่น,Normal
เพื่อน คุมเลน ไม่เป็นไร,Normal
เรา เปิดไฟต์ ยังมีโอกาส,Normal
ตัวซัพ ไม่มีประโยชน์กับเกมนี้เลย,Toxic
ทีมเรา ถอยก่อน ไม่เป็นไร,Normal
เก่งมาก ทำให้เราแพ้เร็วขึ้น,Toxic
รอบนี้น่าจะรอคูลดาวน์ ทีมยังโอเค,Normal
ตัวป่า ไม่มีประโยชน์กับเกมนี้เลย,Toxic
ช่วยคิดก่อนเล่นหน่อย เดินไปตายคนเดียว,Toxic
รอบนี้ใช้สกิลไวไปหน่อย เอาใหม่รอบหน้า,Normal
เปิดวิชั่นก่อน เล่นต่อได้,Normal
แก ปัก ward ตอนนี้ยังไหว,Normal
แก เปิดไฟต์ ไม่เป็นไร,Normal
รอบนี้จังหวะนี้ยากจริง แต่ไม่เป็นไร,Normal
มึงมั่วจน objective หายหมด,Toxic
มึงไร้ประโยชน์จนทีมเล่นไม่ได้,Toxic
เล่นเล่นไม่เป็นตั้งแต่ต้นเกม,Toxic
ถ้ายังเล่นแบบนี้ อีกทีมคงชอบ,Toxic
เพื่อน ปัก ward เล่นต่อได้,Normal
มืออาชีพมาก แบกฝั่งตรงข้ามจริงๆ,Toxic
ดีมาก แบกฝั่งตรงข้ามจริงๆ,Toxic
เมื่อกี้ใช้สกิลไวไปหน่อย ทีมยังโอเค,Normal
ถ้าจะกดสกิลมั่ว อย่าฝืนเลย,Toxic
มึง ถอยก่อน รอบหน้าเอาใหม่,Normal
ถ้าไม่รู้ว่าต้องทำอะไร ทีมอื่นคงลำบากเหมือนกัน,Toxic
ถ้าเล่นได้แค่นี้ เกมนี้จบตั้งแต่เห็นแล้ว,Toxic
มึงมั่วทำทีมเหนื่อย,Toxic
มึงแย่กว่าบอทอีก,Toxic
เล่นกากทุกไฟต์,Toxic
เล่นได้ดีนะ,Normal
ผลงานดี ส่งแต้มสวยมาก,Toxic
ลองเปลี่ยนแผนดูไหม,Normal
เล่นห่วยทั้งเกม,Toxic
เมื่อกี้เลนนี้กดดันยาก ยังมีเวลา,Normal
เล่นแย่แบบนี้,Toxic
รอบนี้ยืนลึกไปนิด ยังกลับมาได้,Normal
รอบนี้ยืนลึกไปนิด ไม่ต้องซีเรียส,Normal
รอบนี้เข้าเร็วไปหน่อย รอบหน้าแก้ได้,Normal
เมื่อกี้ใช้สกิลไวไปหน่อย ค่อยๆเล่น,Normal
รอบนี้น่าจะรอคูลดาวน์ ลองใหม่ได้,Normal
สุดยอด ทำให้เราแพ้เร็วขึ้น,Toxic
เล่นแย่กว่าบอทอีก,Toxic
รอบนี้เข้าเร็วไปหน่อย ยังมีเวลา,Normal
เมื่อกี้น่าจะรอคูลดาวน์ ยังกลับมาได้,Normal
ไม่ธรรมดา ทำทีมพังได้ต่อเนื่อง,Toxic
ทำแบบนี้ใครจะอยากทีมด้วย ทำทีมเสียจังหวะ,Toxic
จังหวะนั้นดีมากนะ,Normal
กันป้อมก่อน ตอนนี้ยังไหว,Normal
เห็นแล้วเหนื่อย ไม่ดูแมพเลย,Toxic
คนเล่นตำแหน่งนี้ เล่นแล้วทีมต้องแบกหนักขึ้น,Toxic
รอบนี้เลนนี้กดดันยาก แต่ไม่เป็นไร,Normal
รอบนี้จังหวะนี้ยากจริง เอาใหม่รอบหน้า,Normal
กันป้อมก่อน แผนนี้โอเค,Normal
มึงเล่นไม่เป็นจนทีมเล่นไม่ได้,Toxic
เมื่อกี้เลนนี้กดดันยาก ยังกลับมาได้,Normal
เมื่อกี้เข้าเร็วไปหน่อย รอบหน้าแก้ได้,Normal
มึงไร้ประโยชน์ทั้งเกม,Toxic
มึงกากทั้งเกม,Toxic
ไม่ธรรมดา ส่งแต้มสวยมาก,Toxic
ถ้าไม่ดูแมพเลย คนอื่นเขาเหนื่อย,Toxic
ไม่ธรรมดา ทำเกมง่ายขึ้นสำหรับอีกฝั่ง,Toxic
ถ้าเล่นได้แค่นี้ ไม่มีใครแบกไหว,Toxic
ทีมเรา ฟาร์มก่อน ตอนนี้ยังไหว,Normal
ขอให้รู้ว่าคนอื่นเหนื่อยเพราะคุณ,Toxic
เมื่อกี้เลนนี้กดดันยาก เอาใหม่รอบหน้า,Normal
รอบนี้ไฟต์นี้เสียเปรียบ ยังกลับมาได้,Normal
มึงอ่อนตั้งแต่ต้นเกม,Toxic
รอบนี้ยืนลึกไปนิด ทีมยังโอเค,Normal
เล่นแจกทำทีมเหนื่อย,Toxic
ฉลาดมาก ทำทีมพังได้ต่อเนื่อง,Toxic
เมื่อกี้ยังไม่ควรไล่ รอบหน้าแก้ได้,Normal
รอบนี้ของยังไม่พร้อม ค่อยๆเล่น,Normal
ช่วยได้เยอะ ส่งแต้มสวยมาก,Toxic
เล่นแจกไม่ควรมาแรงค์,Toxic
ถ้ายังเล่นแบบนี้ อย่ามาลงแรงค์,Toxic
มึงมั่วไม่มีพัฒนา,Toxic
อ่านเกมบ้างเถอะ ยืนผิดตำแหน่ง,Toxic
รอบนี้ของยังไม่พร้อม ยังกลับมาได้,Normal
ถ้าเล่นได้แค่นี้ คนอื่นเขาเหนื่อย,Toxic
เมื่อกี้เข้าเร็วไปหน่อย ลองใหม่ได้,Normal
สวยเลยเมื่อกี้,Normal
เมื่อกี้เลนนี้กดดันยาก ลองใหม่ได้,Normal
ไม่ไหวก็ถอยก่อนนะ,Normal
แก้ไฟต์ได้ดีจริงๆ,Normal
เล่นแย่จน objective หายหมด,Toxic
ถอยเข้าป้อมก่อน เล่นต่อได้,Normal
รอบนี้ควรดูแมพก่อน ทีมยังโอเค,Normal
เรา เซฟสกิล ค่อยๆเล่น,Normal
สุดยอด แบกฝั่งตรงข้ามจริงๆ,Toxic
ตัวป่า อ่านเกมไม่ออกเลย,Toxic
นาย เปิดไฟต์ ไม่เป็นไร,Normal
แครี่ อ่านเกมไม่ออกเลย,Toxic
ตัวถ่วงทีมชัดๆ,Toxic
มึง ฟาร์มก่อน เดี๋ยวตามไป,Normal
เพื่อน รอทีม ใจเย็นก่อน,Normal
เรา เปิดไฟต์ ไม่เป็นไร,Normal
เล่นโง่ไม่ควรมาแรงค์,Toxic
เมื่อกี้ยังไม่ควรไล่ ลองใหม่ได้,Normal
มึงอ่อนจน objective หายหมด,Toxic
ถ้าไม่ดูแมพเลย เกมนี้จบตั้งแต่เห็นแล้ว,Toxic
ถ้าจะยืนดูเฉยๆ ควรหยุดก่อน,Toxic
เล่นกากจน objective หายหมด,Toxic
มึงกากไม่ควรมาแรงค์,Toxic
เล่นมั่วทำทีมเหนื่อย,Toxic
คนเล่นตำแหน่งนี้ ไม่มีประโยชน์กับเกมนี้เลย,Toxic
คุมพื้นที่ดี,Normal
เมื่อกี้จังหวะนี้ยากจริง เอาใหม่รอบหน้า,Normal
เรา ถอยก่อน เล่นต่อได้,Normal
รอบนี้จังหวะนี้ยากจริง ยังมีเวลา,Normal
รอบนี้ใช้สกิลไวไปหน่อย แต่ไม่เป็นไร,Normal
คนเล่นตำแหน่งนี้ ทำให้ทีมเสียเปรียบตลอด,Toxic
แก เก็บ objective เดี๋ยวตามไป,Normal
รอเกิดก่อน ใจเย็นก่อน,Normal
ทีมเรา เปิดไฟต์ ค่อยๆเล่น,Normal
ทีมเรา รวมกลาง ค่อยๆเล่น,Normal
กันป้อมก่อน ยังมีโอกาส,Normal
มึงตัวถ่วงทั้งเกม,Toxic
คนเลนบน ตัดสินใจแย่มาก,Toxic
รอบนี้ของยังไม่พร้อม ยังมีเวลา,Normal
ขอบคุณมาก ทำทีมพังได้ต่อเนื่อง,Toxic
เล่นมั่วแบบนี้,Toxic
เดี๋ยวช่วยอีกฝั่ง,Normal
ถอยเข้าป้อมก่อน ค่อยๆเล่น,Normal
คนเลนล่าง ไม่มีประโยชน์กับเกมนี้เลย,Toxic
ถ้าจะเล่นคนเดียว อีกทีมคงชอบ,Toxic
ตัวป่า ทำให้คนอื่นเหนื่อยเปล่า,Toxic
เล่นเล่นไม่เป็นจน objective หายหมด,Toxic
ทีมเรา รอทีม ใจเย็นก่อน,Normal
เรา รอทีม ไม่เป็นไร,Normal
ทีมเรา รวมกลาง แผนนี้โอเค,Normal
คนในทีม ตัดสินใจแย่มาก,Toxic
มึงตัวถ่วงทุกไฟต์,Toxic
ตัวซัพ ทำให้ทีมเสียเปรียบตลอด,Toxic
เห็นแล้วเหนื่อย เล่นคนละเกมกับทีม,Toxic
เล่นแย่ตั้งแต่ต้นเกม,Toxic
รอบนี้จังหวะนี้ยากจริง ไม่ต้องซีเรียส,Normal
เล่นห่วยจัด,Toxic
เรา ถอยก่อน ไม่เป็นไร,Normal
ยังทันนะ,Normal
มึงมั่วตั้งแต่ต้นเกม,Toxic
นาย เก็บ objective ตอนนี้ยังไหว,Normal
มึงตัวถ่วงไม่ควรมาแรงค์,Toxic
ถอยเข้าป้อมก่อน ใจเย็นก่อน,Normal
รอบนี้เข้าเร็วไปหน่อย แต่ไม่เป็นไร,Normal
กันป้อมก่อน ไม่เป็นไร,Normal
คนเปิดไฟต์ ไม่มีประโยชน์กับเกมนี้เลย,Toxic
ทีมเรา ถอยก่อน เดี๋ยวตามไป,Normal
เพื่อน เซฟสกิล ยังมีโอกาส,Normal
ถ้าเล่นได้แค่นี้ อีกทีมคงชอบ,Toxic
โอเค เดี๋ยวตาม,Normal
รอบนี้ไฟต์นี้เสียเปรียบ ทีมยังโอเค,Normal
แก กันบ้าน ค่อยๆเล่น,Normal
เมจ ทำ objective หายหมด,Toxic
ควรไปฝึกก่อน เดินไปตายคนเดียว,Toxic
เล่นโง่ทำทีมเหนื่อย,Toxic
เล่นกากแบบนี้,Toxic
ขอบคุณมาก ทำให้เราแพ้เร็วขึ้น,Toxic
เล่นแย่ทุกไฟต์,Toxic
เมื่อกี้ของยังไม่พร้อม เอาใหม่รอบหน้า,Normal
เล่นดีมากจนอีกทีมต้องขอบคุณ,Toxic
ช่วยได้เยอะ ทำทีมพังได้ต่อเนื่อง,Toxic
มึงจังหวะนั้นดีมาก,Normal
แก้ไฟต์ได้ดีนะ,Normal
เรา ฟาร์มก่อน ไม่เป็นไร,Normal
เมื่อกี้จังหวะนี้ยากจริง รอบหน้าแก้ได้,Normal
มึง ถอยก่อน เดี๋ยวช่วย,Normal
มึงไร้ประโยชน์ตั้งแต่ต้นเกม,Toxic
คนเล่นตำแหน่งนี้ อ่านเกมไม่ออกเลย,Toxic
จังหวะนั้นดีมาก,Normal
มึงอ่อนทุกไฟต์,Toxic
เล่นแจกทุกไฟต์,Toxic
ทีมแบกไม่ไหวแล้ว ทำทีมเสียจังหวะ,Toxic
ทีมพังเพราะมึงเลย,Toxic
เลือกจังหวะดี,Normal
แก เซฟสกิล ใจเย็นก่อน,Normal
คนในทีม ทำให้ทีมเสียเปรียบตลอด,Toxic
ทีมเรา กันบ้าน เล่นต่อได้,Normal
มึงโง่กว่าบอทอีก,Toxic
มึงอ่อนทำทีมเหนื่อย,Toxic
เอามังกรก่อน ไม่เป็นไร,Normal
มึงมั่วไม่ควรมาแรงค์,Toxic
รอบนี้เข้าเร็วไปหน่อย เอาใหม่รอบหน้า,Normal
เล่นเล่นไม่เป็นทุกไฟต์,Toxic
เพื่อน ฟาร์มก่อน แผนนี้โอเค,Normal
อ่านเกมบ้างเถอะ ไม่ช่วย objective,Toxic
เมจ เหมือนไม่ได้คิดก่อนเล่น,Toxic
คนเล่นตำแหน่งนี้ ทำเกมง่ายให้ฝั่งตรงข้าม,Toxic
สุดยอด ส่งแต้มสวยมาก,Toxic
เล่นอ่อนกว่าบอทอีก,Toxic
เก็บบัฟก่อน รอบหน้าเอาใหม่,Normal
เทพจริง ทำเกมง่ายขึ้นสำหรับอีกฝั่ง,Toxic
มึง เซฟสกิล ไม่เป็นไร,Normal
เล่นแจกแบบนี้,Toxic
มึงไร้ประโยชน์แบบนี้,Toxic
เมื่อกี้ยังไม่ควรไล่ ทีมยังโอเค,Normal
มึงตัวถ่วงแบบนี้,Toxic
คนเปิดไฟต์ ตัดสินใจแย่มาก,Toxic
กันป้อมก่อน รอบหน้าเอาใหม่,Normal
เมื่อกี้ควรดูแมพก่อน รอบหน้าแก้ได้,Normal
รอบนี้ไฟต์นี้เสียเปรียบ เดี๋ยวช่วยกัน,Normal
เล่นตัวถ่วงตั้งแต่ต้นเกม,Toxic
เล่นโง่แบบนี้,Toxic
รอบนี้น่าจะรอคูลดาวน์ ยังมีเวลา,Normal
ถ้าจะทำทีมเสียจังหวะ ทีมอื่นคงลำบากเหมือนกัน,Toxic
ตัวป่า เล่นแล้วทีมต้องแบกหนักขึ้น,Toxic
มึงไร้ประโยชน์จน objective หายหมด,Toxic
รอบนี้เลนนี้กดดันยาก รอบหน้าแก้ได้,Normal
ถอยเข้าป้อมก่อน เดี๋ยวตามไป,Normal
มึง รวมกลาง เล่นต่อได้,Normal
เล่นอ่อนจน objective หายหมด,Toxic
ตัวป่า ทำจังหวะทีมพังซ้ำๆ,Toxic
รวมกลางก่อน ใจเย็นก่อน,Normal
ขอให้หยุดทำเหมือนเล่นคนเดียว,Toxic
สุดยอด ทำทีมพังได้ต่อเนื่อง,Toxic
รอบนี้ยังไม่ควรไล่ แต่ไม่เป็นไร,Normal
ถอยเข้าป้อมก่อน ตอนนี้ยังไหว,Normal
คนเลนล่าง อ่านเกมไม่ออกเลย,Toxic
คนเลนบน ทำเกมง่ายให้ฝั่งตรงข้าม,Toxic
รอบนี้ยืนลึกไปนิด เอาใหม่รอบหน้า,Normal
มึงแจกกว่าบอทอีก,Toxic
มึง เก็บ objective ค่อยๆเล่น,Normal
รอเกิดก่อน เล่นต่อได้,Normal
รอบนี้เข้าเร็วไปหน่อย ทีมยังโอเค,Normal
คนเปิดไฟต์ ทำเกมง่ายให้ฝั่งตรงข้าม,Toxic
บางคน ทำจังหวะทีมพังซ้ำๆ,Toxic
ทีมเรา ปัก ward ตอนนี้ยังไหว,Normal
มึงห่วยแบบนี้,Toxic
ไปเลนบนก่อน ค่อยๆเล่น,Normal
เก็บบัฟก่อน เล่นต่อได้,Normal
ดันล่างก่อน เดี๋ยวตามไป,Normal
มึงมั่วกว่าบอทอีก,Toxic
เก็บบัฟก่อน ตอนนี้ยังไหว,Normal
เพื่อน กันบ้าน ไม่เป็นไร,Normal
ถ้าเล่นได้แค่นี้ อย่าฝืนเลย,Toxic
ถ้าจะทำทีมเสียจังหวะ อย่าฝืนเลย,Toxic
ดีมาก เดินไปให้เขาเก็บฟรี,Toxic
ช่วยได้เยอะเลย ช่วยให้เราแพ้เร็วขึ้น,Toxic
แครี่ ไม่มีประโยชน์กับเกมนี้เลย,Toxic
ถ้าจะเล่นคนเดียว คนอื่นเขาเหนื่อย,Toxic
มึงเล่นไม่เป็นทั้งเกม,Toxic
เอามังกรก่อน ค่อยๆเล่น,Normal
เรา คุมเลน รอบหน้าเอาใหม่,Normal
มึงโง่ทุกไฟต์,Toxic
มืออาชีพมาก ทำเกมง่ายขึ้นสำหรับอีกฝั่ง,Toxic
เมื่อกี้ควรดูแมพก่อน ยังกลับมาได้,Normal
ไปเลนบนก่อน ใจเย็นก่อน,Normal
เล่นห่วยตั้งแต่ต้นเกม,Toxic
ถ้าไม่คิดจะช่วยทีม ควรหยุดก่อน,Toxic
บางคน ทำให้คนอื่นเหนื่อยเปล่า,Toxic
มึง รอทีม ค่อยๆเล่น,Normal
เรา ฟาร์มก่อน ค่อยๆเล่น,Normal
ถ้าจะยืนดูเฉยๆ ก็ไม่แปลกที่แพ้,Toxic
รอบนี้ไฟต์นี้เสียเปรียบ แต่ไม่เป็นไร,Normal
คนเปิดไฟต์ ทำจังหวะทีมพังซ้ำๆ,Toxic
ถ้าไม่ดูแมพเลย ควรหยุดก่อน,Toxic
ตัวป่า ทำเกมง่ายให้ฝั่งตรงข้าม,Toxic
เล่นกากไม่มีพัฒนา,Toxic
ไปกันเลย,Normal
ถ้าไม่รู้ว่าต้องทำอะไร อีกทีมคงชอบ,Toxic
เมื่อกี้น่าจะรอคูลดาวน์ ลองใหม่ได้,Normal
เมื่อกี้จังหวะนี้ยากจริง ไม่ต้องซีเรียส,Normal
ตัวซัพ ทำจังหวะทีมพังซ้ำๆ,Toxic
มืออาชีพมาก ยืนดูจนทีมตายหมด,Toxic
ดีมาก ทำทีมพังได้ต่อเนื่อง,Toxic
เล่นโง่ตั้งแต่ต้นเกม,Toxic
ทีมเรา เก็บ objective ยังมีโอกาส,Normal
นาย เซฟสกิล ยังมีโอกาส,Normal
เปิดวิชั่นก่อน ไม่เป็นไร,Normal
รอเกิดก่อน ค่อยๆเล่น,Normal
เมื่อกี้จังหวะนี้ยากจริง ค่อยๆเล่น,Normal
มึงแจกไม่ควรมาแรงค์,Toxic
แก เก็บ objective เดี๋ยวช่วย,Normal
รอบนี้ไฟต์นี้เสียเปรียบ ลองใหม่ได้,Normal
มึง ฟาร์มก่อน เดี๋ยวช่วย,Normal
เมื่อกี้เลนนี้กดดันยาก ไม่ต้องซีเรียส,Normal
เมื่อกี้เข้าเร็วไปหน่อย ค่อยๆเล่น,Normal
รอบนี้ยืนลึกไปนิด รอบหน้าแก้ได้,Normal
เพื่อน เปิดไฟต์ ตอนนี้ยังไหว,Normal
รอบนี้ไฟต์นี้เสียเปรียบ ยังมีเวลา,Normal
เพื่อน เปิดไฟต์ รอบหน้าเอาใหม่,Normal
ช่วยได้เยอะ เดินไปให้เขาเก็บฟรี,Toxic
แก เซฟสกิล เล่นต่อได้,Normal
เทพมาก เทพฝั่งตรงข้ามนะ,Toxic
มึง กันบ้าน ค่อยๆเล่น,Normal
คนเลนบน ทำจังหวะทีมพังซ้ำๆ,Toxic
รอบนี้เลนนี้กดดันยาก ไม่ต้องซีเรียส,Normal
ควรไปฝึกก่อน ทำทีมเสียจังหวะ,Toxic
มืออาชีพมาก ทำทีมพังได้ต่อเนื่อง,Toxic
มึงเปิดไฟต์ดี,Normal
ช่วยทันพอดี,Normal
เล่นแบบนี้ทีมลำบาก ออกของมั่ว,Toxic
มึงโง่ไม่มีพัฒนา,Toxic
เซฟได้สวยนะ,Normal
คนเปิดไฟต์ ทำให้ทีมเสียเปรียบตลอด,Toxic
เล่นห่วยจน objective หายหมด,Toxic
เมื่อกี้เข้าเร็วไปหน่อย ยังกลับมาได้,Normal
มึงตัวถ่วงไม่มีพัฒนา,Toxic
เทพจริง ยืนดูจนทีมตายหมด,Toxic
ถ้าไม่คิดจะช่วยทีม ไปฝึกก่อนดีกว่า,Toxic
เมื่อกี้ยืนลึกไปนิด รอบหน้าแก้ได้,Normal
มึงเล่นไม่เป็นจน objective หายหมด,Toxic
ถ้าจะเล่นคนเดียว ก็ไม่แปลกที่แพ้,Toxic
ช่วยคิดก่อนเล่นหน่อย กดสกิลทิ้ง,Toxic
รวมกลางก่อน แผนนี้โอเค,Normal
ถ้าไม่รู้ว่าต้องทำอะไร คนอื่นเขาเหนื่อย,Toxic
เพื่อน ปัก ward เดี๋ยวตามไป,Normal
เรา กันบ้าน ไม่เป็นไร,Normal
เมื่อกี้ใช้สกิลไวไปหน่อย รอบหน้าแก้ได้,Normal
มึง เก็บ objective เดี๋ยวช่วย,Normal
เปิดวิชั่นก่อน ยังมีโอกาส,Normal
ถ้าไม่ดูแมพเลย อีกทีมคงชอบ,Toxic
เมื่อกี้ของยังไม่พร้อม ไม่ต้องซีเรียส,Normal
รอบนี้ยังไม่ควรไล่ ลองใหม่ได้,Normal
นาย คุมเลน ตอนนี้ยังไหว,Normal
เรา กันบ้าน เดี๋ยวช่วย,Normal
เห็นแล้วเหนื่อย ยืนผิดตำแหน่ง,Toxic
มึงโง่ไม่ควรมาแรงค์,Toxic
ถ้าจะทำทีมเสียจังหวะ ก็ไม่แปลกที่แพ้,Toxic
ทีมเรา รอทีม รอบหน้าเอาใหม่,Normal
มึงแย่ทำทีมเหนื่อย,Toxic
เมื่อกี้ควรดูแมพก่อน ทีมยังโอเค,Normal
เมื่อกี้ควรดูแมพก่อน ลองใหม่ได้,Normal
จังหวะดีมาก,Normal
ใจเย็นก่อนนะ,Normal
คนในทีม ไม่มีประโยชน์กับเกมนี้เลย,Toxic
อ่านเกมดี,Normal
ดีมาก ยืนดูจนทีมตายหมด,Toxic
มึง คุมเลน เดี๋ยวตามไป,Normal
เมจ ทำจังหวะทีมพังซ้ำๆ,Toxic
ทีมเรา เปิดไฟต์ เดี๋ยวช่วย,Normal
รอบนี้จังหวะนี้ยากจริง เดี๋ยวช่วยกัน,Normal
คนในทีม ทำ objective หายหมด,Toxic
ถ้าแค่เดินไปตาย เกมนี้จบตั้งแต่เห็นแล้ว,Toxic
ทำแบบนี้ใครจะอยากทีมด้วย กดสกิลทิ้ง,Toxic
ทีมแบกไม่ไหวแล้ว ไม่ช่วย objective,Toxic
แครี่ ทำให้ทีมเสียเปรียบตลอด,Toxic
ตัวป่า เหมือนไม่ได้คิดก่อนเล่น,Toxic
กัน objectiveก่อน ตอนนี้ยังไหว,Normal
เล่นอ่อนไม่ควรมาแรงค์,Toxic
ทีมเรา คุมเลน แผนนี้โอเค,Normal
เทพจริง เดินไปให้เขาเก็บฟรี,Toxic
รอบนี้น่าจะรอคูลดาวน์ รอบหน้าแก้ได้,Normal
เพื่อน รอทีม แผนนี้โอเค,Normal
มึงคุมพื้นที่ดี,Normal
ถ้าไม่รู้ว่าต้องทำอะไร อย่ามาลงแรงค์,Toxic
เมื่อกี้เข้าเร็วไปหน่อย แต่ไม่เป็นไร,Normal
เมื่อกี้เข้าเร็วไปหน่อย ทีมยังโอเค,Normal
ทีมเรา เซฟสกิล เดี๋ยวช่วย,Normal
เมื่อกี้ไฟต์นี้เสียเปรียบ ไม่ต้องซีเรียส,Normal
ไปเลนบนก่อน เล่นต่อได้,Normal
มึงเล่นไม่เป็นไม่มีพัฒนา,Toxic
ทีมเรา เซฟสกิล ค่อยๆเล่น,Normal
รอบนี้ควรดูแมพก่อน ยังมีเวลา,Normal
เก่งมาก เดินไปให้เขาเก็บฟรี,Toxic
ช่วยได้เยอะ แบกฝั่งตรงข้ามจริงๆ,Toxic
มึงแจกตั้งแต่ต้นเกม,Toxic
เมื่อกี้เข้าเร็วไปหน่อย เดี๋ยวช่วยกัน,Normal
มึงถอยก่อน เดี๋ยวทีมตาม,Normal
นาย เซฟสกิล ใจเย็นก่อน,Normal
รอบนี้ควรดูแมพก่อน แต่ไม่เป็นไร,Normal
ไปเลนบนก่อน แผนนี้โอเค,Normal
ช่วยทันพอดีจริงๆ,Normal
รอบนี้เลนนี้กดดันยาก ทีมยังโอเค,Normal
เก่งมาก เสีย objective ได้ครบทุกตัว,Toxic
นี่ตั้งใจเล่นจริงไหม,Toxic
อยู่เฉยๆยังดีกว่า เล่นคนละเกมกับทีม,Toxic
เพื่อน ถอยก่อน ค่อยๆเล่น,Normal
ถ้าไม่ดูแมพเลย อย่ามาลงแรงค์,Toxic
เก่งมาก แจกให้เขาทั้งเกม,Toxic
แก ปัก ward ใจเย็นก่อน,Normal
เมื่อกี้ยังไม่ควรไล่ เดี๋ยวช่วยกัน,Normal
เล่นอ่อนจนทีมเล่นไม่ได้,Toxic
เปิดไฟต์ดี,Normal
เปิดวิชั่นก่อน ตอนนี้ยังไหว,Normal
เพื่อน รอทีม เดี๋ยวตามไป,Normal
ขอบคุณมาก แจกให้เขาทั้งเกม,Toxic
เล่นห่วยทำทีมเหนื่อย,Toxic
ไปเลนบนก่อน ยังมีโอกาส,Normal
เมื่อกี้เข้าเร็วไปหน่อย เอาใหม่รอบหน้า,Normal
นาย รอทีม ใจเย็นก่อน,Normal
ไม่ธรรมดา แบกฝั่งตรงข้ามจริงๆ,Toxic
ถ้าจะเล่นคนเดียว อย่าฝืนเลย,Toxic
เก็บบัฟก่อน ยังมีโอกาส,Normal
เซฟได้สวยจริงๆ,Normal
เทพจริง ทำให้เราแพ้เร็วขึ้น,Toxic
รอบนี้ของยังไม่พร้อม ลองใหม่ได้,Normal
เรา รวมกลาง ค่อยๆเล่น,Normal
มึง ปัก ward ใจเย็นก่อน,Normal
เปิดไฟต์ดีนะ,Normal
ผลงานดี ยืนดูจนทีมตายหมด,Toxic
ผลงานดี แบกฝั่งตรงข้ามจริงๆ,Toxic
มึง รวมกลาง รอบหน้าเอาใหม่,Normal
มึง เปิดไฟต์ รอบหน้าเอาใหม่,Normal
ถ้ายังเล่นแบบนี้ ไม่มีใครแบกไหว,Toxic
ถ้าจะยืนดูเฉยๆ คนอื่นเขาเหนื่อย,Toxic
เล่นกากกว่าบอทอีก,Toxic
เล่นไร้ประโยชน์กว่าบอทอีก,Toxic
อยู่เฉยๆยังดีกว่า ยืนผิดตำแหน่ง,Toxic
เออ กูเห็นแล้ว เดี๋ยวช่วย,Normal
บางคน ทำ objective หายหมด,Toxic
เมื่อกี้น่าจะรอคูลดาวน์ เอาใหม่รอบหน้า,Normal
มึงแจกทุกไฟต์,Toxic
มึงแย่ไม่มีพัฒนา,Toxic
เมจ ไม่มีประโยชน์กับเกมนี้เลย,Toxic
เล่นโง่ทั้งเกม,Toxic
แครี่ เหมือนไม่ได้คิดก่อนเล่น,Toxic
สุดยอด ทำเกมง่ายขึ้นสำหรับอีกฝั่ง,Toxic
มืออาชีพมาก เสีย objective ได้ครบทุกตัว,Toxic
ถ้าเล่นได้แค่นี้ ควรหยุดก่อน,Toxic
รอบนี้ยังไม่ควรไล่ ทีมยังโอเค,Normal
